id,name,email,state
1,Customer 1,customer1@example.com,PA
2,Customer 2,customer2@example.com,PA
3,Customer 3,customer3@example.com,NJ
4,Customer 4,customer4@example.com,NY
5,Customer 5,customer5@example.com,NY
6,Customer 6,customer6@example.com,NY
7,Customer 7,customer7@example.com,PA
8,Customer 8,customer8@example.com,TX
9,Customer 9,customer9@example.com,PA
10,Customer 10,customer10@example.com,TX
11,Customer 11,customer11@example.com,CA
12,Customer 12,customer12@example.com,PA
13,Customer 13,customer13@example.com,PA
14,Customer 14,customer14@example.com,PA
15,Customer 15,customer15@example.com,NY
16,Customer 16,customer16@example.com,NY
17,Customer 17,customer17@example.com,TX
18,Customer 18,customer18@example.com,TX
19,Customer 19,customer19@example.com,PA
20,Customer 20,customer20@example.com,TX
21,Customer 21,customer21@example.com,NY
22,Customer 22,customer22@example.com,TX
23,Customer 23,customer23@example.com,CA
24,Customer 24,customer24@example.com,NY
25,Customer 25,customer25@example.com,CA
26,Customer 26,customer26@example.com,TX
27,Customer 27,customer27@example.com,NJ
28,Customer 28,customer28@example.com,PA
29,Customer 29,customer29@example.com,NY
30,Customer 30,customer30@example.com,CA
31,Customer 31,customer31@example.com,NJ
32,Customer 32,customer32@example.com,NJ
33,Customer 33,customer33@example.com,NY
34,Customer 34,customer34@example.com,NY
35,Customer 35,customer35@example.com,NJ
36,Customer 36,customer36@example.com,PA
37,Customer 37,customer37@example.com,PA
38,Customer 38,customer38@example.com,CA
39,Customer 39,customer39@example.com,PA
40,Customer 40,customer40@example.com,NJ
41,Customer 41,customer41@example.com,NJ
42,Customer 42,customer42@example.com,TX
43,Customer 43,customer43@example.com,NJ
44,Customer 44,customer44@example.com,PA
45,Customer 45,customer45@example.com,CA
46,Customer 46,customer46@example.com,TX
47,Customer 47,customer47@example.com,PA
48,Customer 48,customer48@example.com,CA
49,Customer 49,customer49@example.com,PA
50,Customer 50,customer50@example.com,TX
