id,customer_id,product_id,quantity,order_date,revenue
1,19,6,2,2026-02-05,17.98
2,3,4,3,2026-02-10,149.97
3,15,2,4,2026-05-23,119.96
4,30,6,2,2026-07-09,17.98
5,23,4,3,2026-02-06,149.97
6,39,3,2,2026-03-25,159.98
7,30,7,3,2026-04-23,179.97
8,44,6,1,2026-04-28,8.99
9,3,6,4,2026-05-18,35.96
10,5,4,3,2026-04-19,149.97
11,42,8,4,2026-08-23,759.96
12,10,5,2,2026-05-07,69.98
13,48,5,4,2026-07-24,139.96
14,24,4,2,2026-09-18,99.98
15,32,2,1,2026-02-26,29.99
16,10,3,4,2026-02-02,319.96
17,25,7,4,2026-05-09,239.96
18,36,1,1,2026-05-17,39.99
19,50,6,1,2026-05-31,8.99
20,28,3,4,2026-01-02,319.96
21,47,5,2,2026-09-17,69.98
22,7,5,2,2026-03-20,69.98
23,24,3,1,2026-06-15,79.99
24,32,1,1,2026-07-05,39.99
25,20,4,1,2026-05-04,49.99
26,37,2,1,2026-09-06,29.99
27,5,3,2,2026-09-01,159.98
28,36,3,3,2026-08-05,239.97
29,14,4,3,2026-07-24,149.97
30,43,6,4,2026-08-20,35.96
31,8,4,2,2026-02-02,99.98
32,22,1,2,2026-04-23,79.98
33,1,2,1,2026-04-28,29.99
34,5,1,3,2026-02-06,119.97
35,33,4,3,2026-09-06,149.97
36,14,3,4,2026-05-05,319.96
37,31,7,2,2026-02-18,119.98
38,7,7,3,2026-08-05,179.97
39,27,8,1,2026-02-20,189.99
40,4,7,3,2026-02-25,179.97
41,16,4,2,2026-08-18,99.98
42,9,7,2,2026-05-23,119.98
43,30,4,1,2026-08-15,49.99
44,36,2,1,2026-01-08,29.99
45,6,4,2,2026-07-28,99.98
46,32,8,2,2026-07-25,379.98
47,4,3,4,2026-01-02,319.96
48,25,5,4,2026-05-27,139.96
49,28,8,2,2026-04-08,379.98
50,19,4,1,2026-02-01,49.99
51,48,6,1,2026-01-26,8.99
52,38,8,2,2026-01-30,379.98
53,33,2,2,2026-02-05,59.98
54,39,2,2,2026-07-26,59.98
55,8,4,1,2026-02-11,49.99
56,27,6,3,2026-04-15,26.97
57,43,6,2,2026-05-16,17.98
58,26,3,3,2026-08-23,239.97
59,21,2,1,2026-08-23,29.99
60,40,2,1,2026-04-20,29.99
61,33,5,2,2026-06-28,69.98
62,5,4,3,2026-05-26,149.97
63,11,8,3,2026-01-05,569.97
64,43,5,1,2026-03-10,34.99
65,17,2,1,2026-03-21,29.99
66,18,5,2,2026-06-25,69.98
67,14,5,4,2026-05-09,139.96
68,4,2,4,2026-05-22,119.96
69,3,1,3,2026-03-08,119.97
70,41,5,2,2026-08-15,69.98
71,36,7,1,2026-02-27,59.99
72,5,3,1,2026-07-09,79.99
73,38,3,4,2026-03-07,319.96
74,3,5,3,2026-01-21,104.97
75,23,4,2,2026-02-22,99.98
76,23,7,2,2026-05-02,119.98
77,11,3,4,2026-01-13,319.96
78,12,6,4,2026-05-08,35.96
79,18,3,1,2026-07-15,79.99
80,3,8,2,2026-04-13,379.98
81,30,6,3,2026-04-27,26.97
82,15,1,2,2026-07-24,79.98
83,22,5,1,2026-05-23,34.99
84,23,7,3,2026-01-15,179.97
85,8,5,2,2026-05-16,69.98
86,3,2,4,2026-06-26,119.96
87,47,6,4,2026-09-19,35.96
88,8,7,2,2026-05-11,119.98
89,3,7,1,2026-04-11,59.99
90,24,7,1,2026-06-19,59.99
91,40,6,1,2026-06-03,8.99
92,33,5,4,2026-06-17,139.96
93,26,5,2,2026-04-09,69.98
94,27,7,2,2026-06-04,119.98
95,26,1,3,2026-05-27,119.97
96,14,7,3,2026-08-27,179.97
97,29,8,2,2026-09-19,379.98
98,31,3,1,2026-05-26,79.99
99,33,6,1,2026-05-01,8.99
100,44,5,2,2026-04-12,69.98
101,10,1,1,2026-05-06,39.99
102,31,2,4,2026-08-01,119.96
103,41,4,4,2026-09-11,199.96
104,26,4,2,2026-01-03,99.98
105,49,2,4,2026-04-23,119.96
106,12,8,1,2026-05-08,189.99
107,8,8,2,2026-08-26,379.98
108,43,6,4,2026-09-16,35.96
109,28,8,2,2026-09-01,379.98
110,29,5,2,2026-05-22,69.98
111,50,8,2,2026-05-21,379.98
112,29,2,3,2026-05-01,89.97
113,18,6,3,2026-02-11,26.97
114,9,3,2,2026-07-16,159.98
115,45,3,2,2026-02-02,159.98
116,27,7,3,2026-08-27,179.97
117,27,1,2,2026-08-04,79.98
118,25,1,4,2026-09-02,159.96
119,1,6,3,2026-07-19,26.97
120,27,4,4,2026-04-23,199.96
121,18,7,4,2026-01-15,239.96
122,25,6,4,2026-03-26,35.96
123,30,3,1,2026-07-21,79.99
124,38,1,1,2026-08-08,39.99
125,9,8,2,2026-01-26,379.98
126,17,7,3,2026-04-19,179.97
127,30,6,3,2026-07-14,26.97
128,18,7,3,2026-02-11,179.97
129,31,1,1,2026-06-29,39.99
130,15,2,1,2026-01-16,29.99
131,16,4,1,2026-03-20,49.99
132,16,3,4,2026-02-28,319.96
133,37,4,4,2026-05-12,199.96
134,50,6,2,2026-02-28,17.98
135,50,3,3,2026-02-25,239.97
136,38,1,3,2026-07-12,119.97
137,26,4,1,2026-05-05,49.99
138,7,5,1,2026-01-22,34.99
139,23,7,3,2026-02-05,179.97
140,33,6,1,2026-08-04,8.99
141,32,2,4,2026-07-05,119.96
142,41,8,2,2026-08-11,379.98
143,12,5,4,2026-08-27,139.96
144,28,5,3,2026-05-06,104.97
145,6,5,4,2026-05-05,139.96
146,49,8,4,2026-06-22,759.96
147,2,8,3,2026-04-04,569.97
148,32,4,3,2026-05-13,149.97
149,22,5,3,2026-01-06,104.97
150,34,4,1,2026-05-04,49.99
151,47,7,4,2026-05-04,239.96
152,45,8,4,2026-08-18,759.96
153,2,2,3,2026-04-24,89.97
154,26,4,3,2026-07-08,149.97
155,31,6,4,2026-06-19,35.96
156,23,8,3,2026-06-06,569.97
157,17,4,1,2026-04-09,49.99
158,21,2,2,2026-04-09,59.98
159,14,8,3,2026-05-25,569.97
160,7,4,3,2026-04-27,149.97
161,24,3,3,2026-01-08,239.97
162,46,3,3,2026-01-24,239.97
163,4,5,2,2026-09-09,69.98
164,7,1,3,2026-08-29,119.97
165,31,8,3,2026-04-05,569.97
166,4,5,4,2026-02-28,139.96
167,5,7,4,2026-02-07,239.96
168,37,1,2,2026-03-18,79.98
169,37,5,1,2026-05-08,34.99
170,8,7,2,2026-07-14,119.98
171,29,8,3,2026-08-08,569.97
172,20,1,1,2026-04-17,39.99
173,41,4,3,2026-02-11,149.97
174,11,4,2,2026-02-08,99.98
175,11,1,4,2026-08-19,159.96
176,45,8,3,2026-01-17,569.97
177,15,5,3,2026-08-21,104.97
178,5,4,3,2026-04-12,149.97
179,28,2,2,2026-03-18,59.98
180,18,3,1,2026-01-31,79.99
181,11,5,3,2026-08-13,104.97
182,8,8,3,2026-07-26,569.97
183,18,8,4,2026-02-11,759.96
184,39,1,4,2026-06-15,159.96
185,39,5,1,2026-02-16,34.99
186,15,1,3,2026-01-21,119.97
187,49,3,4,2026-08-15,319.96
188,18,3,4,2026-09-09,319.96
189,6,8,3,2026-07-29,569.97
190,22,6,1,2026-03-24,8.99
191,22,7,4,2026-05-28,239.96
192,43,7,1,2026-08-21,59.99
193,6,6,3,2026-06-15,26.97
194,8,7,1,2026-08-25,59.99
195,27,1,2,2026-07-05,79.98
196,40,8,4,2026-01-27,759.96
197,14,5,2,2026-05-28,69.98
198,29,8,1,2026-01-15,189.99
199,41,4,2,2026-06-09,99.98
200,36,1,4,2026-02-17,159.96
201,15,2,4,2026-03-02,119.96
202,42,3,4,2026-05-30,319.96
203,33,5,4,2026-09-05,139.96
204,31,4,4,2026-03-16,199.96
205,25,4,2,2026-02-05,99.98
206,18,7,3,2026-09-17,179.97
207,18,1,3,2026-06-02,119.97
208,38,8,2,2026-08-17,379.98
209,35,8,3,2026-06-20,569.97
210,36,7,4,2026-06-14,239.96
211,13,4,4,2026-04-30,199.96
212,50,7,1,2026-06-12,59.99
213,48,8,4,2026-07-17,759.96
214,43,3,4,2026-01-19,319.96
215,9,6,1,2026-08-14,8.99
216,7,8,1,2026-03-15,189.99
217,27,3,1,2026-08-29,79.99
218,17,6,4,2026-02-11,35.96
219,22,7,3,2026-09-07,179.97
220,35,1,1,2026-05-01,39.99
221,41,5,2,2026-02-16,69.98
222,28,2,1,2026-08-16,29.99
223,11,5,1,2026-01-24,34.99
224,21,1,3,2026-07-03,119.97
225,24,7,2,2026-05-06,119.98
226,34,7,2,2026-03-29,119.98
227,12,2,4,2026-05-04,119.96
228,32,3,2,2026-08-25,159.98
229,41,5,4,2026-05-11,139.96
230,43,1,4,2026-05-28,159.96
231,44,3,1,2026-08-15,79.99
232,23,5,4,2026-05-09,139.96
233,30,5,2,2026-07-16,69.98
234,31,2,2,2026-07-15,59.98
235,37,6,3,2026-06-01,26.97
236,2,7,3,2026-01-05,179.97
237,37,1,4,2026-05-27,159.96
238,50,4,3,2026-04-23,149.97
239,41,4,3,2026-03-12,149.97
240,41,2,1,2026-06-08,29.99
241,29,1,3,2026-03-09,119.97
242,6,5,3,2026-08-01,104.97
243,12,4,2,2026-07-07,99.98
244,34,5,2,2026-05-12,69.98
245,31,5,3,2026-02-28,104.97
246,30,2,2,2026-04-26,59.98
247,44,7,3,2026-02-16,179.97
248,26,1,3,2026-03-05,119.97
249,30,6,3,2026-07-15,26.97
250,41,6,1,2026-04-30,8.99
251,31,1,3,2026-04-24,119.97
252,42,2,4,2026-06-04,119.96
253,42,7,1,2026-03-13,59.99
254,3,1,3,2026-09-10,119.97
255,8,2,2,2026-03-11,59.98
256,25,8,3,2026-08-03,569.97
257,38,3,4,2026-02-20,319.96
258,32,7,3,2026-01-17,179.97
259,45,6,2,2026-08-16,17.98
260,29,4,3,2026-02-20,149.97
261,44,6,3,2026-02-01,26.97
262,26,5,2,2026-03-04,69.98
263,30,2,2,2026-01-11,59.98
264,4,6,2,2026-03-06,17.98
265,37,4,1,2026-04-17,49.99
266,38,4,2,2026-06-18,99.98
267,50,3,1,2026-05-22,79.99
268,10,3,3,2026-03-31,239.97
269,8,1,2,2026-01-08,79.98
270,23,4,3,2026-01-09,149.97
271,12,5,1,2026-03-06,34.99
272,48,7,1,2026-02-02,59.99
273,31,8,3,2026-09-20,569.97
274,38,2,4,2026-09-15,119.96
275,15,1,3,2026-08-23,119.97
276,42,1,1,2026-09-03,39.99
277,26,7,1,2026-09-09,59.99
278,46,8,1,2026-02-11,189.99
279,21,3,1,2026-03-06,79.99
280,18,6,4,2026-05-31,35.96
281,30,7,1,2026-02-28,59.99
282,42,4,4,2026-08-20,199.96
283,15,7,3,2026-08-21,179.97
284,26,7,1,2026-06-10,59.99
285,28,6,3,2026-07-11,26.97
286,10,8,1,2026-02-16,189.99
287,6,2,4,2026-02-19,119.96
288,48,6,2,2026-01-31,17.98
289,38,6,1,2026-07-30,8.99
290,23,7,1,2026-05-28,59.99
291,39,5,3,2026-02-23,104.97
292,37,4,2,2026-09-04,99.98
293,15,2,3,2026-07-08,89.97
294,8,5,2,2026-08-08,69.98
295,36,1,3,2026-01-15,119.97
296,12,5,3,2026-06-23,104.97
297,23,1,2,2026-03-15,79.98
298,37,7,1,2026-03-14,59.99
299,48,1,1,2026-04-21,39.99
300,25,7,4,2026-06-24,239.96
301,11,6,3,2026-06-16,26.97
302,50,2,1,2026-03-21,29.99
303,11,1,1,2026-05-20,39.99
304,29,7,4,2026-08-15,239.96
305,27,5,2,2026-09-20,69.98
306,8,6,4,2026-02-26,35.96
307,19,8,3,2026-01-24,569.97
308,15,7,1,2026-01-04,59.99
309,14,5,2,2026-03-12,69.98
310,49,5,3,2026-06-17,104.97
311,8,1,4,2026-08-09,159.96
312,12,3,4,2026-04-28,319.96
313,33,6,1,2026-07-23,8.99
314,48,1,4,2026-01-10,159.96
315,30,2,3,2026-08-08,89.97
316,37,7,4,2026-05-29,239.96
317,8,7,1,2026-06-16,59.99
318,11,8,3,2026-02-15,569.97
319,28,2,2,2026-08-12,59.98
320,38,7,1,2026-07-22,59.99
321,20,6,2,2026-06-20,17.98
322,50,3,1,2026-09-19,79.99
323,41,2,2,2026-06-28,59.98
324,23,3,2,2026-02-22,159.98
325,10,5,2,2026-03-30,69.98
326,39,3,1,2026-04-01,79.99
327,50,8,4,2026-08-18,759.96
328,44,6,3,2026-03-19,26.97
329,29,2,4,2026-08-15,119.96
330,41,5,3,2026-01-29,104.97
331,23,2,3,2026-08-25,89.97
332,29,1,1,2026-07-08,39.99
333,19,2,1,2026-09-17,29.99
334,25,8,1,2026-08-19,189.99
335,37,4,3,2026-09-01,149.97
336,33,3,1,2026-08-19,79.99
337,7,6,1,2026-09-16,8.99
338,42,3,1,2026-05-07,79.99
339,46,8,4,2026-03-23,759.96
340,24,6,3,2026-07-18,26.97
341,27,6,1,2026-06-21,8.99
342,5,6,1,2026-07-17,8.99
343,19,5,2,2026-06-20,69.98
344,6,3,3,2026-06-08,239.97
345,42,7,2,2026-02-13,119.98
346,20,7,3,2026-03-07,179.97
347,43,2,4,2026-09-18,119.96
348,24,1,3,2026-06-08,119.97
349,12,4,3,2026-09-06,149.97
350,13,4,2,2026-03-21,99.98
351,5,5,1,2026-09-17,34.99
352,50,1,3,2026-03-09,119.97
353,39,7,2,2026-03-25,119.98
354,12,3,4,2026-01-23,319.96
355,27,6,2,2026-08-16,17.98
356,40,5,4,2026-04-30,139.96
357,35,4,3,2026-08-29,149.97
358,13,6,4,2026-08-25,35.96
359,50,5,4,2026-09-15,139.96
360,34,7,2,2026-04-13,119.98
361,39,3,3,2026-01-27,239.97
362,42,8,3,2026-02-22,569.97
363,46,2,3,2026-02-12,89.97
364,49,3,3,2026-08-19,239.97
365,33,3,4,2026-02-16,319.96
366,15,8,3,2026-01-14,569.97
367,27,1,4,2026-09-15,159.96
368,24,4,4,2026-02-11,199.96
369,24,4,1,2026-06-13,49.99
370,7,6,2,2026-03-12,17.98
371,3,5,4,2026-03-13,139.96
372,49,8,4,2026-01-03,759.96
373,6,1,3,2026-04-21,119.97
374,10,7,1,2026-05-28,59.99
375,16,5,1,2026-01-25,34.99
376,16,7,4,2026-02-02,239.96
377,8,8,1,2026-09-21,189.99
378,37,4,2,2026-05-30,99.98
379,28,1,3,2026-05-04,119.97
380,37,7,2,2026-02-13,119.98
381,34,6,1,2026-09-17,8.99
382,33,1,4,2026-08-29,159.96
383,3,7,3,2026-05-10,179.97
384,48,1,3,2026-02-04,119.97
385,23,4,1,2026-06-20,49.99
386,9,1,3,2026-06-23,119.97
387,42,3,4,2026-09-03,319.96
388,41,3,2,2026-02-02,159.98
389,46,8,1,2026-05-31,189.99
390,13,1,2,2026-01-22,79.98
391,21,5,4,2026-08-31,139.96
392,17,1,2,2026-05-27,79.98
393,23,1,3,2026-05-20,119.97
394,8,6,4,2026-07-24,35.96
395,48,8,4,2026-06-23,759.96
396,12,8,4,2026-07-08,759.96
397,34,5,1,2026-08-06,34.99
398,6,7,2,2026-05-31,119.98
399,21,2,1,2026-06-17,29.99
400,43,5,3,2026-08-17,104.97
